71561014X;David;Cólera Sánchez;davidcolerasnch@gmail.com;680390345;22
46798521G;Juan;Pérez González;juan.perez@gmail.com;681245879;18
15249865J;Pedro;Rodríguez Fuerte;pedro.rofu@hotmail.com;645875621;24
24956874I;Marcos;Juan Panadero;marcoos@gmail.com;685423652;28
48562357L;Oscar;Escalada García;oscar.es@mail.com;682465321;32
12546854L;Yolanda;Prieto García;yoli.prieto@gmail.com;625489651;28
75862431H;Cecilia;Sánchez Vega;cecilia.sanve@hotmail.es;642859632;21
65124896G;Rosa;Martínez Jañez;romaja@gmail.es;615748965;24
52796148F;Alberto;Gómez Palacio;alber.goma@mail.com;612458954;24
17953265D;Roberto;González Vaca;rober.gova@yahoo.es;612548953;42